{
  "database": {
    "rules": "database.rules.json"
  },
  "functions": {
    "predeploy": [
      "npm --prefix \"$RESOURCE_DIR\" run lint"
    ]
  },
  "hosting": {
    "public": "public",
    "ignore": [
      "firebase.json",
      "**/.*",
      "**/node_modules/**"
    ],
    "headers": [
      {
        "source" : "**/*.@(jpg|jpeg|gif|png|css|js)",
        "headers" : [ {
            "key" : "Cache-Control",
            "value" : "max-age=1000000" 
        } ]
      }
    ],
    "rewrites": [
      {
        "source": "**",
        "destination": "/benchmark1.html"
      }
    ]
  }
}
